{"cameraMode":{"drawMode":0,"name":"Shaded","section":"Shading Mode"},"sceneLighting":true,"audioPlay":false,"sceneViewState":{"showFog":true,"showMaterialUpdate":false,"showSkybox":true,"showFlares":true,"showImageEffects":true,"showParticleSystems":true},"in2DMode":false,"pivot":{"x":-25.113218307495118,"y":0.3970714211463928,"z":-15.727167129516602},"rotation":{"x":-0.34382742643356326,"y":-0.0076024942100048069,"z":0.0027731622103601696,"w":-0.9389979839324951},"size":92.4015121459961,"orthographic":false}