{"cameraMode":{"drawMode":0,"name":"Shaded","section":"Shading Mode"},"sceneLighting":false,"audioPlay":false,"sceneViewState":{"showFog":true,"showMaterialUpdate":false,"showSkybox":true,"showFlares":true,"showImageEffects":true,"showParticleSystems":true},"in2DMode":false,"pivot":{"x":0.023016272112727166,"y":-0.8785385489463806,"z":0.28466734290122988},"rotation":{"x":0.19455118477344514,"y":-0.6687986850738525,"z":0.18710002303123475,"w":0.6927134394645691},"size":3.7041656970977785,"orthographic":false}