{"cameraMode":{"drawMode":0,"name":"Shaded","section":"Shading Mode"},"sceneLighting":true,"audioPlay":false,"sceneViewState":{"showFog":true,"showMaterialUpdate":false,"showSkybox":true,"showFlares":true,"showImageEffects":true,"showParticleSystems":true},"in2DMode":false,"pivot":{"x":58.623130798339847,"y":5.289379119873047,"z":-3.00634765625},"rotation":{"x":0.5791116952896118,"y":-0.12587057054042817,"z":0.09108148515224457,"w":0.800306499004364},"size":9.503419876098633,"orthographic":false}