{"cameraMode":{"drawMode":0,"name":"Shaded","section":"Shading Mode"},"sceneLighting":true,"audioPlay":false,"sceneViewState":{"showFog":true,"showMaterialUpdate":false,"showSkybox":true,"showFlares":true,"showImageEffects":true,"showParticleSystems":true},"in2DMode":false,"pivot":{"x":-39.797000885009769,"y":-17.778871536254884,"z":-20.84757423400879},"rotation":{"x":0.5006899833679199,"y":0.0025967431720346214,"z":-0.0015019725542515517,"w":0.8656215071678162},"size":157.86988830566407,"orthographic":false}