{"cameraMode":{"drawMode":0,"name":"Shaded","section":"Shading Mode"},"sceneLighting":false,"audioPlay":false,"sceneViewState":{"showFog":true,"showMaterialUpdate":false,"showSkybox":true,"showFlares":true,"showImageEffects":true,"showParticleSystems":true},"in2DMode":false,"pivot":{"x":0.5999999046325684,"y":0.0,"z":1.1400001049041749},"rotation":{"x":-0.02949768491089344,"y":-0.9311828017234802,"z":0.07887507230043411,"w":-0.3546931743621826},"size":3.6398062705993654,"orthographic":false}